folder,class
000_117,1
001_0,0
002_97,1
003_14,1
004_60,1
005_48,1
006_12,0
007_1,0
008_37,1
009_55,1
011_0,0
012_64,1
013_71,1
014_31,1
015_75,1
018_13,0
019_38,1
020_119,1
021_63,1
022_18,1
023_27,1
024_58,0
025_22,1
026_37,1
027_29,0
028_49,1
029_27,1
030_18,0
031_47,1
032_48,1
034_109,1
036_10,1
008_30,1
031_7,1
039_18,0
040_52,1
041_31,1
042_0,1
045_26,0
046_0,0
047_61,1
048_17,0
050_4,0
023_2,1
052_50,0
053_175,1
054_36,1
055_24,1
057_40,1
058_24,1
059_76,1
061_115,1
062_17,0
063_74,1
064_64,1
000_112,1
065_166,1
040_9,1
066_22,1
068_90,1
069_10,0
070_17,0
071_167,1
072_16,1
040_26,1
013_45,1
073_16,0
003_53,1
074_80,1
075_24,1
028_35,1
061_71,1
076_34,1
078_43,1
079_44,0
000_100,1
025_91,1
080_147,1
014_26,1
021_66,1
083_13,0
084_26,0
085_63,1
086_23,0
087_93,1
088_17,0
089_55,1
090_10,0
091_151,1
092_15,0
092_7,0
093_26,1
095_21,0
031_58,1
097_41,0
021_39,1
036_1,1
098_1,0
099_13,1
100_20,0
101_147,1
102_5,1
092_26,0
103_1,0
106_18,1
029_50,1
099_37,1
034_157,1
004_75,1
110_16,1
112_22,1
030_5,0
113_27,1
114_6,0
115_9,1
116_43,1
117_23,0
118_41,0
119_15,0
058_3,1
120_36,1
021_84,1
121_61,1
122_79,1
053_54,1
054_86,1
039_24,0
123_28,0
124_16,0
125_1,1
126_66,1
127_27,1
128_31,0
034_139,1
080_138,1
130_29,1
131_80,0
080_70,1
004_7,1
132_4,1
053_45,1
133_15,1
095_5,0
134_18,1
136_29,1
002_15,1
021_51,1
068_129,1
137_29,1
025_18,1
120_22,1
024_55,0
139_12,0
133_67,1
065_92,1
020_57,1
140_6,1
021_109,1
093_9,1
141_10,0
142_11,1
143_39,0
144_70,1
071_43,1
145_9,0
146_0,0
076_80,1
097_50,0
147_23,1
047_5,1
041_54,1
133_97,1
001_7,0
150_33,0
088_13,0
000_69,1
151_88,1
059_48,1
152_4,1
153_42,0
042_24,1
146_6,0
154_7,0
156_2,0
157_6,0
095_24,0
088_2,0
087_100,1
039_36,0
159_10,0
134_52,1
042_29,1
160_0,1
161_24,0
131_27,0
021_35,1
162_22,0
040_86,1
039_11,0
080_66,1
163_38,0
053_127,1
027_44,0
055_45,1
091_58,1
002_46,1
165_29,1
166_18,1
008_68,1
167_17,1
015_71,1
168_18,0
012_58,1
169_60,1
003_10,1
170_14,0
087_88,1
157_11,0
172_3,0
116_54,1
117_1,0
071_8,1
021_93,1
173_120,1
065_17,1
000_120,1
013_89,1
174_8,1
150_85,0
175_48,1
080_95,1
076_6,1
176_54,1
177_35,0
021_73,1
045_14,0
084_1,0
052_49,0
061_116,1
166_19,1
132_39,1
089_64,1
071_37,1
084_9,0
073_15,0
174_36,1
015_29,1
102_65,1
179_5,0
083_19,0
115_55,1
027_5,0
061_10,1
124_30,0
180_37,0
160_18,1
126_68,1
181_32,0
182_18,0
120_6,1
047_89,1
183_24,0
069_1,0
181_15,0
184_15,0
057_1,1
031_1,1
084_4,0
183_10,0
112_19,1
185_51,1
031_38,1
021_21,1
046_4,0
024_7,0
128_21,0
118_80,0
180_15,0
055_15,1
145_11,0
151_75,1
169_78,1
087_47,1
161_4,0
131_23,0
040_14,1
186_157,1
112_85,1
066_153,1
184_22,0
040_37,1
004_111,1
026_32,1
114_10,0
091_175,1
068_57,1
052_28,0
188_11,1
015_83,1
189_17,0
040_57,1
121_12,1
160_16,1
026_38,1
190_14,0
079_12,0
151_13,1
087_20,1
191_12,0
013_104,1
103_24,0
116_55,1
110_6,1
059_10,1
194_79,1
065_188,1
040_38,1
097_26,0
130_1,1
195_2,0
196_57,1
197_31,1
042_59,1
058_70,1
055_33,1
019_9,1
080_104,1
004_83,1
083_14,0
128_13,0
196_55,1
153_11,0
197_43,1
015_80,1
173_53,1
191_14,0
013_62,1
199_2,1
071_119,1
146_21,0
200_43,0
093_17,1
201_23,0
066_18,1
202_6,0
048_18,0
002_16,1
204_78,1
205_17,0
206_10,0
020_56,1
120_11,1
147_11,1
186_15,1
020_157,1
200_16,0
207_12,1
112_31,1
057_42,1
165_53,1
200_5,0
174_93,1
069_4,0
174_78,1
046_13,0
173_20,1
068_197,1
085_17,1
208_27,0
209_7,1
097_44,0
061_134,1
209_3,1
120_47,1
166_37,1
118_30,0
201_2,0
142_21,1
091_200,1
197_69,1
106_25,1
058_79,1
194_12,1
132_14,1
126_39,1
029_43,1
211_46,1
065_163,1
020_29,1
101_137,1
012_81,1
011_18,0
195_13,0
025_70,1
103_12,0
009_117,1
186_38,1
076_50,1
003_11,1
215_8,0
153_64,0
020_5,1
190_8,0
015_58,1
176_55,1
052_2,0
029_26,1
150_55,0
115_53,1
199_36,1
003_9,1
092_5,0
218_27,0
219_11,1
166_10,1
089_14,1
211_8,1
030_22,0
091_223,1
062_27,0
220_0,0
020_99,1
039_20,0
028_57,1
221_22,0
084_15,0
050_1,0
052_38,0
145_7,0
162_13,0
072_53,1
222_16,0
083_3,0
112_33,1
053_179,1
089_39,1
072_59,1
089_4,1
121_65,1
008_22,1
137_0,1
114_25,0
074_108,1
058_4,1
097_23,0
223_19,0
224_2,0
089_42,1
041_12,1
071_101,1
042_8,1
075_43,1
175_52,1
091_220,1
003_1,1
114_16,0
110_29,1
054_93,1
160_64,1
023_28,1
225_0,0
226_67,1
179_15,0
075_47,1
131_24,0
186_148,1
160_54,1
064_6,1
034_156,1
089_50,1
132_45,1
092_13,0
211_58,1
057_65,1
063_44,1
130_41,1
112_46,1
009_169,1
228_6,1
066_169,1
106_21,1
166_56,1
083_12,0
068_244,1
045_28,0
126_69,1
176_41,1
031_76,1
115_87,1
211_47,1
143_53,0
008_84,1
123_20,0
229_3,0
230_28,1
173_37,1
196_106,1
098_5,0
143_31,0
098_3,0
031_6,1
053_31,1
232_37,1
131_71,0
132_8,1
151_4,1
188_16,1
143_7,0
196_25,1
122_68,1
012_47,1
142_2,1
196_107,1
180_48,0
039_41,0
176_35,1
057_34,1
040_107,1
233_1,1
191_21,0
174_75,1
197_58,1
142_22,1
059_51,1
130_53,1
199_31,1
112_27,1
071_28,1
211_12,1
166_25,1
126_20,1
186_26,1
173_9,1
061_81,1
076_24,1
228_2,1
139_1,0
002_50,1
089_38,1
070_9,0
074_27,1
165_60,1
031_59,1
121_49,1
234_45,1
232_21,1
015_47,1
232_39,1
134_26,1
087_71,1
089_9,1
119_64,0
052_48,0
175_27,1
021_83,1
000_26,1
140_2,1
167_60,1
065_206,1
174_15,1
120_60,1
004_102,1
122_97,1
133_59,1
226_66,1
041_11,1
160_35,1
197_87,1
235_26,0
004_108,1
013_101,1
083_1,0
083_0,0
119_49,0
204_33,1
122_64,1
061_47,1
229_21,0
011_11,0
072_88,1
053_73,1
153_52,0
150_49,0
201_16,0
030_25,0
131_92,0
079_37,0
076_86,1
079_11,0
152_6,1
004_94,1
014_38,1
233_10,1
022_13,1
236_5,0
089_41,1
127_40,1
237_25,1
119_25,0
053_126,1
145_17,0
008_59,1
005_40,1
126_56,1
194_10,1
028_43,1
147_3,1
115_80,1
114_0,0
131_58,0
211_15,1
103_19,0
238_5,0
190_10,0
199_34,1
226_12,1
225_4,0
008_33,1
161_12,0
184_14,0
205_22,0
180_24,0
234_56,1
150_17,0
133_7,1
221_11,0
114_15,0
068_152,1
055_55,1
070_5,0
184_43,0
092_9,0
063_57,1
150_87,0
041_116,1
003_20,1
008_41,1
121_19,1
040_109,1
101_31,1
080_177,1
175_22,1
239_7,0
003_54,1
072_79,1
240_10,0
028_56,1
162_38,0
015_24,1
224_0,0
197_49,1
128_8,0
197_72,1
181_5,0
233_44,1
076_88,1
087_60,1
170_20,0
021_94,1
186_243,1
200_49,0
092_18,0
028_72,1
241_38,1
141_0,0
209_47,1
242_1,1
221_12,0
014_11,1
185_49,1
101_41,1
243_12,0
020_53,1
110_56,1
061_29,1
242_5,1
065_126,1
101_28,1
173_35,1
154_11,0
162_23,0
047_4,1
021_58,1
003_43,1
174_87,1
159_21,0
176_16,1
133_25,1
115_45,1
244_3,0
110_5,1
071_95,1
068_312,1
117_7,0
211_68,1
182_6,0
128_23,0
163_55,0
232_28,1
059_34,1
245_3,0
110_62,1
110_15,1
209_12,1
115_101,1
001_2,0
168_44,0
244_15,0
160_69,1
090_16,0
152_22,1
053_5,1
209_49,1
054_63,1
009_200,1
015_7,1
030_8,0
068_151,1
246_3,0
027_2,0
090_1,0
184_36,0
064_35,1
091_228,1
084_11,0
185_45,1
162_33,0
100_2,0
235_38,0
053_97,1
066_149,1
076_71,1
040_104,1
127_58,1
053_123,1
091_210,1
074_117,1
099_6,1
083_2,0
008_43,1
058_53,1
133_86,1
122_86,1
057_29,1
139_13,0
065_56,1
023_54,1
169_81,1
079_21,0
047_13,1
063_28,1
247_1,0
133_16,1
118_35,0
106_35,1
114_3,0
018_26,0
169_35,1
023_61,1
131_88,0
248_10,0
102_4,1
065_52,1
176_11,1
182_19,0
034_66,1
024_20,0
137_9,1
183_19,0
055_17,1
053_154,1
112_122,1
040_110,1
034_62,1
118_66,0
174_65,1
011_15,0
223_6,0
153_30,0
103_28,0
177_20,0
027_45,0
046_14,0
055_21,1
034_52,1
102_29,1
047_66,1
142_12,1
161_18,0
034_99,1
176_60,1
113_57,1
204_21,1
181_12,0
230_55,1
024_47,0
211_14,1
239_3,0
031_74,1
041_13,1
042_49,1
121_24,1
208_28,0
250_10,0
126_46,1
025_66,1
146_8,0
023_69,1
131_83,0
150_14,0
211_37,1
152_31,1
169_52,1
076_44,1
230_79,1
061_68,1
023_1,1
000_72,1
045_11,0
086_6,0
014_34,1
134_17,1
112_28,1
031_60,1
078_82,1
073_37,0
246_13,0
161_31,0
134_20,1
048_10,0
197_94,1
063_73,1
194_57,1
053_102,1
242_14,1
057_71,1
197_13,1
121_15,1
177_0,0
124_33,0
229_2,0
022_17,1
118_36,0
036_58,1
068_186,1
009_31,1
131_22,0
085_39,1
195_5,0
068_180,1
132_41,1
000_32,1
127_13,1
170_21,0
173_26,1
061_137,1
009_114,1
084_10,0
050_15,0
009_138,1
065_81,1
120_4,1
045_5,0
219_49,1
224_9,0
183_18,0
177_7,0
045_1,0
185_2,1
068_162,1
066_86,1
252_11,1
076_83,1
132_3,1
029_46,1
253_0,0
165_4,1
188_102,1
147_17,1
087_91,1
014_23,1
132_28,1
142_20,1
125_0,1
131_28,0
252_14,1
225_11,0
003_18,1
090_2,0
200_29,0
079_32,0
204_52,1
034_159,1
064_22,1
066_135,1
087_45,1
173_24,1
142_13,1
022_50,1
000_119,1
112_58,1
101_77,1
089_36,1
013_29,1
022_62,1
092_12,0
025_53,1
134_29,1
209_51,1
066_85,1
065_6,1
173_4,1
188_116,1
034_88,1
170_27,0
054_56,1
059_71,1
021_61,1
153_28,0
236_7,0
061_133,1
120_57,1
254_14,1
046_15,0
040_62,1
234_37,1
182_3,0
254_50,1
021_17,1
079_15,0
101_30,1
174_40,1
255_4,0
054_39,1
034_93,1
110_52,1
062_9,0
133_79,1
255_1,0
071_98,1
115_12,1
241_64,1
020_96,1
101_131,1
080_108,1
014_58,1
256_13,1
063_31,1
257_2,0
080_90,1
015_81,1
143_16,0
194_20,1
015_87,1
169_50,1
219_1,1
232_32,1
161_26,0
143_29,0
031_30,1
254_26,1
071_20,1
097_30,0
127_57,1
258_4,0
031_96,1
004_44,1
019_5,1
240_4,0
147_35,1
080_173,1
205_20,0
234_23,1
255_12,0
099_41,1
089_67,1
118_17,0
065_167,1
127_30,1
151_43,1
115_96,1
248_26,0
191_26,0
186_67,1
047_94,1
188_48,1
246_2,0
150_37,0
226_46,1
226_39,1
045_21,0
113_7,1
221_6,0
167_70,1
112_110,1
066_132,1
146_10,0
189_9,0
009_131,1
162_3,0
128_17,0
053_66,1
055_3,1
226_33,1
002_66,1
240_3,0
074_6,1
136_6,1
260_0,1
261_17,0
188_124,1
030_19,0
058_91,1
074_95,1
072_48,1
226_47,1
122_77,1
237_2,1
093_16,1
118_40,0
218_20,0
015_77,1
199_37,1
136_31,1
117_20,0
160_40,1
226_9,1
167_63,1
087_46,1
154_4,0
072_33,1
011_12,0
173_81,1
174_88,1
065_36,1
066_104,1
018_14,0
020_156,1
047_100,1
065_71,1
047_53,1
026_35,1
226_31,1
068_113,1
118_83,0
080_176,1
154_16,0
195_11,0
189_3,0
013_7,1
000_24,1
116_10,1
150_12,0
009_173,1
175_80,1
261_5,0
008_45,1
247_0,0
123_6,0
004_93,1
068_316,1
233_4,1
047_15,1
134_25,1
167_41,1
204_87,1
145_16,0
218_15,0
134_12,1
180_40,0
080_53,1
150_82,0
176_47,1
144_27,1
054_84,1
153_8,0
087_57,1
263_5,0
235_10,0
090_9,0
068_142,1
261_16,0
042_63,1
091_90,1
188_50,1
119_67,0
080_12,1
233_13,1
013_108,1
078_16,1
136_1,1
223_16,0
165_83,1
114_12,0
244_13,0
092_27,0
152_20,1
102_54,1
076_73,1
078_15,1
250_3,0
126_28,1
001_14,0
055_27,1
119_72,0
165_31,1
232_57,1
141_28,0
260_21,1
240_9,0
020_3,1
169_54,1
252_10,1
008_66,1
194_22,1
264_5,0
119_94,0
020_100,1
066_168,1
150_15,0
023_37,1
169_42,1
100_10,0
174_37,1
197_52,1
036_75,1
055_54,1
057_63,1
150_47,0
141_27,0
055_53,1
250_15,0
074_92,1
151_3,1
039_5,0
189_15,0
131_59,0
197_48,1
113_56,1
265_8,0
074_120,1
066_92,1
248_11,0
029_53,1
057_6,1
004_69,1
072_38,1
232_63,1
233_5,1
157_10,0
131_68,0
266_11,0
123_43,0
151_17,1
055_10,1
197_35,1
080_26,1
031_39,1
012_22,1
157_5,0
009_149,1
118_97,0
267_3,0
168_37,0
075_48,1
116_36,1
004_50,1
121_50,1
026_77,1
166_43,1
181_17,0
100_15,0
072_19,1
121_23,1
006_16,0
042_56,1
008_5,1
079_35,0
113_34,1
026_16,1
106_1,1
097_17,0
131_82,0
014_22,1
091_111,1
039_3,0
211_55,1
130_30,1
130_13,1
126_61,1
074_36,1
075_52,1
175_54,1
223_12,0
071_174,1
118_75,0
000_19,1
209_36,1
084_25,0
007_10,0
230_52,1
268_9,1
021_91,1
122_17,1
181_19,0
020_137,1
065_49,1
008_8,1
054_58,1
146_24,0
041_103,1
134_15,1
235_23,0
186_89,1
240_2,0
113_60,1
018_12,0
066_128,1
026_63,1
034_73,1
147_32,1
254_54,1
180_14,0
006_8,0
134_5,1
071_24,1
250_13,0
165_37,1
068_251,1
191_2,0
114_28,0
029_49,1
066_28,1
143_24,0
152_27,1
045_16,0
151_18,1
069_6,0
030_7,0
232_8,1
099_29,1
015_35,1
015_67,1
118_90,0
057_5,1
021_98,1
002_87,1
234_9,1
014_60,1
006_5,0
254_15,1
024_45,0
271_36,1
068_342,1
230_30,1
202_5,0
022_39,1
144_14,1
142_17,1
076_51,1
169_31,1
068_111,1
161_11,0
054_43,1
042_28,1
143_52,0
013_5,1
232_12,1
131_20,0
040_59,1
040_87,1
042_5,1
116_59,1
059_102,1
175_75,1
019_26,1
230_8,1
101_108,1
015_1,1
159_43,0
197_60,1
131_56,0
013_14,1
181_30,0
238_0,0
079_57,0
134_28,1
121_45,1
186_127,1
167_4,1
117_18,0
181_14,0
062_5,0
075_34,1
024_2,0
232_5,1
141_31,0
222_14,0
114_5,0
087_86,1
173_146,1
034_1,1
197_38,1
058_17,1
172_8,0
232_56,1
136_8,1
076_30,1
116_25,1
133_81,1
230_15,1
189_6,0
174_76,1
034_103,1
054_82,1
005_41,1
167_34,1
014_10,1
058_83,1
116_30,1
211_45,1
036_73,1
234_46,1
034_162,1
208_5,0
174_90,1
101_124,1
072_51,1
087_50,1
218_11,0
124_32,0
012_51,1
241_60,1
126_4,1
061_136,1
143_2,0
071_60,1
099_111,1
176_14,1
090_5,0
008_35,1
034_6,1
166_2,1
120_3,1
272_3,0
064_47,1
028_45,1
151_55,1
064_49,1
131_84,0
223_26,0
014_30,1
219_31,1
074_30,1
068_254,1
195_9,0
072_36,1
252_15,1
131_12,0
070_1,0
002_48,1
167_18,1
131_41,0
183_4,0
114_20,0
100_24,0
121_40,1
186_78,1
169_80,1
009_162,1
133_93,1
219_0,1
133_44,1
194_45,1
169_11,1
032_17,1
101_12,1
173_118,1
234_57,1
003_52,1
057_22,1
205_6,0
229_0,0
097_49,0
047_6,1
271_15,1
008_80,1
002_100,1
191_25,0
011_13,0
150_43,0
061_53,1
144_92,1
194_62,1
061_19,1
014_59,1
055_44,1
101_98,1
087_90,1
175_33,1
121_56,1
117_12,0
237_17,1
073_54,0
145_19,0
160_30,1
009_176,1
072_31,1
185_48,1
110_13,1
015_63,1
068_126,1
041_80,1
020_2,1
232_0,1
122_57,1
133_78,1
141_32,0
150_84,0
194_65,1
068_64,1
196_111,1
147_9,1
190_9,0
058_20,1
197_19,1
080_63,1
199_13,1
144_68,1
034_117,1
034_27,1
003_7,1
047_30,1
186_43,1
028_74,1
184_10,0
150_32,0
009_215,1
157_3,0
230_71,1
196_59,1
197_77,1
219_40,1
266_21,0
275_4,0
032_65,1
110_47,1
012_32,1
276_1,0
034_153,1
271_28,1
277_7,0
008_11,1
240_18,0
045_13,0
103_6,0
127_60,1
172_1,0
020_14,1
200_17,0
063_78,1
250_14,0
151_70,1
127_4,1
059_49,1
230_3,1
133_10,1
174_68,1
175_65,1
014_2,1
240_6,0
118_39,0
066_66,1
172_2,0
254_36,1
004_53,1
047_60,1
118_42,0
191_24,0
151_84,1
004_13,1
002_101,1
205_8,0
278_7,0
012_28,1
237_33,1
276_7,0
065_146,1
053_157,1
101_118,1
047_9,1
080_10,1
102_9,1
131_17,0
130_5,1
062_10,0
065_47,1
022_8,1
145_20,0
144_86,1
087_76,1
131_31,0
087_72,1
068_147,1
053_78,1
068_97,1
248_6,0
199_10,1
264_0,0
150_10,0
112_128,1
239_4,0
225_10,0
084_16,0
034_47,1
112_63,1
151_100,1
046_9,0
020_23,1
103_31,0
184_41,0
243_18,0
152_3,1
234_51,1
234_11,1
127_48,1
012_40,1
257_5,0
101_130,1
141_12,0
000_17,1
070_26,0
066_7,1
014_25,1
008_61,1
087_24,1
186_11,1
031_64,1
153_48,0
039_29,0
003_51,1
069_24,0
131_44,0
078_59,1
113_59,1
078_48,1
015_36,1
008_60,1
075_18,1
243_5,0
142_30,1
166_5,1
078_31,1
021_3,1
131_6,0
279_10,0
034_77,1
205_5,0
064_46,1
013_140,1
065_125,1
204_48,1
065_93,1
042_21,1
028_38,1
167_67,1
254_19,1
224_7,0
199_0,1
073_3,0
131_46,0
188_39,1
073_14,0
169_40,1
000_66,1
072_47,1
241_23,1
065_78,1
181_31,0
165_55,1
053_40,1
032_62,1
151_10,1
134_49,1
131_13,0
168_35,0
234_15,1
103_13,0
209_6,1
068_190,1
041_42,1
030_6,0
131_60,0
237_5,1
207_13,1
023_42,1
127_26,1
072_32,1
224_3,0
098_0,0
179_19,0
245_7,0
015_44,1
128_2,0
130_42,1
026_29,1
053_84,1
041_117,1
153_45,0
196_3,1
041_60,1
099_10,1
131_97,0
232_50,1
175_59,1
031_26,1
211_9,1
131_14,0
271_29,1
048_4,0
059_9,1
031_5,1
080_40,1
053_27,1
169_57,1
153_15,0
089_51,1
053_30,1
013_76,1
034_36,1
013_51,1
194_51,1
065_73,1
053_83,1
244_14,0
097_42,0
061_76,1
196_28,1
099_46,1
183_23,0
068_306,1
150_27,0
118_18,0
022_47,1
080_100,1
000_18,1
271_21,1
128_19,0
200_37,0
099_87,1
175_88,1
126_73,1
204_86,1
042_54,1
066_111,1
166_53,1
153_61,0
048_1,0
031_57,1
144_82,1
159_22,0
085_37,1
202_0,0
123_41,0
062_2,0
219_32,1
112_96,1
003_47,1
023_14,1
065_179,1
024_22,0
133_40,1
175_10,1
124_3,0
088_3,0
276_4,0
173_108,1
032_32,1
101_38,1
137_7,1
022_68,1
153_53,0
068_178,1
083_5,0
160_58,1
173_19,1
009_99,1
019_31,1
085_36,1
020_144,1
161_36,0
078_85,1
023_46,1
186_14,1
119_74,0
029_19,1
101_86,1
115_73,1
099_78,1
091_238,1
004_47,1
112_30,1
194_21,1
008_18,1
165_88,1
097_6,0
031_17,1
068_323,1
118_25,0
068_41,1
030_21,0
119_66,0
250_2,0
211_7,1
116_58,1
106_23,1
115_103,1
173_88,1
183_12,0
173_75,1
130_24,1
230_64,1
137_15,1
209_25,1
215_3,0
229_13,0
204_49,1
186_72,1
008_21,1
072_77,1
160_21,1
053_162,1
112_92,1
034_57,1
268_25,1
200_3,0
034_150,1
150_83,0
188_31,1
000_13,1
053_51,1
131_37,0
061_144,1
063_19,1
008_78,1
233_29,1
074_111,1
028_53,1
151_96,1
176_9,1
041_8,1
034_43,1
134_51,1
186_87,1
170_16,0
065_162,1
036_27,1
066_145,1
128_15,0
169_69,1
028_0,1
137_10,1
115_25,1
147_34,1
256_11,1
036_22,1
042_74,1
019_15,1
085_3,1
089_65,1
134_46,1
008_14,1
022_25,1
128_12,0
004_45,1
139_10,0
013_31,1
032_28,1
040_63,1
024_25,0
233_23,1
057_13,1
023_67,1
020_25,1
122_66,1
093_25,1
127_45,1
173_77,1
200_44,0
119_95,0
115_106,1
194_64,1
191_19,0
144_72,1
151_36,1
059_69,1
157_1,0
029_2,1
028_70,1
268_3,1
232_2,1
009_123,1
099_26,1
110_14,1
047_84,1
131_69,0
130_7,1
061_140,1
101_72,1
072_70,1
069_28,0
119_46,0
161_10,0
091_107,1
101_69,1
114_22,0
257_8,0
009_41,1
120_59,1
083_8,0
181_16,0
119_43,0
065_168,1
055_35,1
121_2,1
173_1,1
061_26,1
246_24,0
023_15,1
095_8,0
029_31,1
005_42,1
211_66,1
058_54,1
151_20,1
127_31,1
053_37,1
196_40,1
189_7,0
026_27,1
004_85,1
150_9,0
202_16,0
062_18,0
266_16,0
032_22,1
009_63,1
147_0,1
176_30,1
065_63,1
004_32,1
008_70,1
018_8,0
080_113,1
064_60,1
232_25,1
059_8,1
048_9,0
024_36,0
186_135,1
143_26,0
021_97,1
021_106,1
209_16,1
013_81,1
234_19,1
208_33,0
013_90,1
078_76,1
261_11,0
009_83,1
180_7,0
054_21,1
127_33,1
117_9,0
118_5,0
061_20,1
078_67,1
024_6,0
021_20,1
053_20,1
188_14,1
024_43,0
061_131,1
106_43,1
021_114,1
186_39,1
020_11,1
132_60,1
099_128,1
092_17,0
112_12,1
013_21,1
142_31,1
034_120,1
161_28,0
173_126,1
013_25,1
260_32,1
031_55,1
241_13,1
177_9,0
126_76,1
030_20,0
250_4,0
013_137,1
047_36,1
218_1,0
131_26,0
194_25,1
058_7,1
097_36,0
080_38,1
014_15,1
047_47,1
100_3,0
055_14,1
009_209,1
144_22,1
282_0,0
099_68,1
147_26,1
197_54,1
211_51,1
134_27,1
131_73,0
234_20,1
123_2,0
030_17,0
025_56,1
069_8,0
132_34,1
097_39,0
177_23,0
099_93,1
072_1,1
021_15,1
141_26,0
091_133,1
277_2,0
130_17,1
120_21,1
234_29,1
000_71,1
091_274,1
174_100,1
124_7,0
218_14,0
127_71,1
221_8,0
061_127,1
034_65,1
127_53,1
065_50,1
061_40,1
008_63,1
097_46,0
062_0,0
012_78,1
005_32,1
005_0,1
166_50,1
226_24,1
068_96,1
059_57,1
237_10,1
097_25,0
054_61,1
014_39,1
134_24,1
004_88,1
204_63,1
283_6,0
196_80,1
141_9,0
147_15,1
069_30,0
048_11,0
003_37,1
246_11,0
034_152,1
090_4,0
087_41,1
009_180,1
012_23,1
002_98,1
023_68,1
115_126,1
150_76,0
063_25,1
053_89,1
032_14,1
015_27,1
015_32,1
068_78,1
021_6,1
271_27,1
073_57,0
003_25,1
059_7,1
113_47,1
072_64,1
032_61,1
168_19,0
163_37,0
000_44,1
092_11,0
173_135,1
036_25,1
052_1,0
020_27,1
184_31,0
271_16,1
177_2,0
266_18,0
079_41,0
078_41,1
132_51,1
168_41,0
027_38,0
206_48,0
020_31,1
182_31,0
173_61,1
234_24,1
112_53,1
021_56,1
162_37,0
055_47,1
023_32,1
185_29,1
014_56,1
022_5,1
209_23,1
058_48,1
133_3,1
069_5,0
184_12,0
008_46,1
200_14,0
157_0,0
004_68,1
140_1,1
078_20,1
023_39,1
146_5,0
194_68,1
182_7,0
080_140,1
003_12,1
066_95,1
009_121,1
246_7,0
112_109,1
001_13,0
151_98,1
080_156,1
176_48,1
047_24,1
025_68,1
246_8,0
057_58,1
106_41,1
233_12,1
163_1,0
256_2,1
029_28,1
036_60,1
101_150,1
074_107,1
132_11,1
093_23,1
232_54,1
153_33,0
248_15,0
068_185,1
188_129,1
057_61,1
041_91,1
145_15,0
239_1,0
021_89,1
169_20,1
265_21,0
120_48,1
072_80,1
168_36,0
194_85,1
053_141,1
041_94,1
087_12,1
041_101,1
209_61,1
132_24,1
047_56,1
074_55,1
004_27,1
123_21,0
034_25,1
057_3,1
009_206,1
022_3,1
134_41,1
223_1,0
055_34,1
175_90,1
024_32,0
006_4,0
131_25,0
204_56,1
136_42,1
059_61,1
137_38,1
120_25,1
233_38,1
110_25,1
013_54,1
019_2,1
128_5,0
220_6,0
169_53,1
068_341,1
162_25,0
173_16,1
013_11,1
240_1,0
236_24,0
114_7,0
023_59,1
115_59,1
240_11,0
246_19,0
284_1,0
282_5,0
098_12,0
163_56,0
119_61,0
204_44,1
283_2,0
021_79,1
137_37,1
020_83,1
090_8,0
072_89,1
001_3,0
153_37,0
001_10,0
087_30,1
112_61,1
266_3,0
185_59,1
119_86,0
002_81,1
196_79,1
209_8,1
112_47,1
053_41,1
009_13,1
000_73,1
045_7,0
230_4,1
059_65,1
080_107,1
190_1,0
040_4,1
120_51,1
057_4,1
153_34,0
278_8,0
098_14,0
039_2,0
003_34,1
076_22,1
021_117,1
061_14,1
140_3,1
233_31,1
174_111,1
071_100,1
174_66,1
002_84,1
084_6,0
065_12,1
130_31,1
199_15,1
080_152,1
186_31,1
091_260,1
124_31,0
080_31,1
209_13,1
042_2,1
065_55,1
244_6,0
069_29,0
022_38,1
080_57,1
255_21,0
047_40,1
078_75,1
012_69,1
160_24,1
196_31,1
257_12,0
157_22,0
252_12,1
204_64,1
102_39,1
009_153,1
092_10,0
219_52,1
000_61,1
047_99,1
127_77,1
025_67,1
040_35,1
091_277,1
021_119,1
091_255,1
058_63,1
160_19,1
069_21,0
117_13,0
018_25,0
076_31,1
232_16,1
167_13,1
151_104,1
054_69,1
139_5,0
020_87,1
087_63,1
065_15,1
221_2,0
072_14,1
097_40,0
078_64,1
027_20,0
196_11,1
186_103,1
246_1,0
183_9,0
028_81,1
132_31,1
054_33,1
069_3,0
059_97,1
059_98,1
204_25,1
092_8,0
166_54,1
126_52,1
177_1,0
233_35,1
023_18,1
179_12,0
053_111,1
162_39,0
097_22,0
186_203,1
208_21,0
099_62,1
260_18,1
204_89,1
052_43,0
167_61,1
163_65,0
122_91,1
106_45,1
039_40,0
116_16,1
029_33,1
073_42,0
064_43,1
119_73,0
165_32,1
136_0,1
176_59,1
066_155,1
150_88,0
285_9,0
271_22,1
131_61,0
118_4,0
074_70,1
229_12,0
207_7,1
186_233,1
208_0,0
237_20,1
101_134,1
268_8,1
233_0,1
189_19,0
009_148,1
015_76,1
083_10,0
184_46,0
256_1,1
118_57,0
218_22,0
015_59,1
112_34,1
065_110,1
057_56,1
002_31,1
059_66,1
065_58,1
102_52,1
113_46,1
018_18,0
186_60,1
008_49,1
146_20,0
061_122,1
073_10,0
040_113,1
091_164,1
119_78,0
131_39,0
089_21,1
059_88,1
265_4,0
199_22,1
204_5,1
095_13,0
144_15,1
011_9,0
061_124,1
204_23,1
058_65,1
085_67,1
053_101,1
141_11,0
065_35,1
004_84,1
068_258,1
065_90,1
021_102,1
115_125,1
091_244,1
000_4,1
279_20,0
250_12,0
021_64,1
002_57,1
126_74,1
069_16,0
005_19,1
052_27,0
121_60,1
091_51,1
041_108,1
246_32,0
103_9,0
097_52,0
211_21,1
046_11,0
159_30,0
115_5,1
023_30,1
233_7,1
271_5,1
157_21,0
075_56,1
022_7,1
175_92,1
265_18,0
040_93,1
025_39,1
102_21,1
089_5,1
047_7,1
013_105,1
265_22,0
195_14,0
025_46,1
006_0,0
236_8,0
039_25,0
091_8,1
185_28,1
023_44,1
115_48,1
095_3,0
099_1,1
040_99,1
078_55,1
218_3,0
058_46,1
076_78,1
034_44,1
013_112,1
024_60,0
112_103,1
136_21,1
001_8,0
097_16,0
175_12,1
235_14,0
025_6,1
179_4,0
127_42,1
159_4,0
196_103,1
062_16,0
099_48,1
059_50,1
172_4,0
267_11,0
146_18,0
257_9,0
097_48,0
106_27,1
079_55,0
076_45,1
219_9,1
024_38,0
040_90,1
079_42,0
181_22,0
062_24,0
176_40,1
209_45,1
160_56,1
028_54,1
165_12,1
191_9,0
181_3,0
219_47,1
235_36,0
182_8,0
072_92,1
068_331,1
181_23,0
023_3,1
150_4,0
034_4,1
127_73,1
087_55,1
011_17,0
006_17,0
070_8,0
027_31,0
114_18,0
041_89,1
219_48,1
015_9,1
175_41,1
211_16,1
267_15,0
091_234,1
080_18,1
071_38,1
097_3,0
254_51,1
230_86,1
233_27,1
143_23,0
008_57,1
186_139,1
184_23,0
002_38,1
029_37,1
087_92,1
143_46,0
097_29,0
011_16,0
185_74,1
030_24,0
209_14,1
080_158,1
099_97,1
119_106,0
244_9,0
265_13,0
194_31,1
091_57,1
205_1,0
079_25,0
163_62,0
174_31,1
134_44,1
025_71,1
147_30,1
000_104,1
066_142,1
184_34,0
089_54,1
144_18,1
264_16,0
068_275,1
015_79,1
053_18,1
101_158,1
005_35,1
034_51,1
186_212,1
130_49,1
061_30,1
153_16,0
076_47,1
004_82,1
099_71,1
009_132,1
241_56,1
180_50,0
011_19,0
246_20,0
103_29,0
112_16,1
197_59,1
228_26,1
052_23,0
237_1,1
012_55,1
021_37,1
177_3,0
099_74,1
201_24,0
130_2,1
181_1,0
250_8,0
008_10,1
124_26,0
028_2,1
186_234,1
036_48,1
055_18,1
021_78,1
065_94,1
256_7,1
127_10,1
034_151,1
026_62,1
120_12,1
166_44,1
103_38,0
040_8,1
000_62,1
133_68,1
040_67,1
066_159,1
112_117,1
034_20,1
287_4,0
003_32,1
036_7,1
066_147,1
189_10,0
112_131,1
087_61,1
090_7,0
080_136,1
099_95,1
097_9,0
154_5,0
062_19,0
031_73,1
235_11,0
045_18,0
021_110,1
169_90,1
009_191,1
102_36,1
068_344,1
161_30,0
023_26,1
209_0,1
054_31,1
167_8,1
265_5,0
152_28,1
151_56,1
145_14,0
112_126,1
074_101,1
026_78,1
103_2,0
243_6,0
068_160,1
173_90,1
041_3,1
165_61,1
225_1,0
042_33,1
200_24,0
075_66,1
026_60,1
112_102,1
046_10,0
004_22,1
009_163,1
065_61,1
058_16,1
124_0,0
186_35,1
075_53,1
002_78,1
053_125,1
089_6,1
040_71,1
068_256,1
196_102,1
028_48,1
285_1,0
165_1,1
150_29,0
059_99,1
267_14,0
045_30,0
211_56,1
144_47,1
087_52,1
000_42,1
058_66,1
116_15,1
151_5,1
201_5,0
226_4,1
048_2,0
101_10,1
118_85,0
071_180,1
031_82,1
046_5,0
172_6,0
126_64,1
011_22,0
028_44,1
053_68,1
137_3,1
237_41,1
026_33,1
169_18,1
087_21,1
183_5,0
000_12,1
201_10,0
032_52,1
175_74,1
113_19,1
228_19,1
019_36,1
034_105,1
087_95,1
055_0,1
260_5,1
040_12,1
204_43,1
068_156,1
072_50,1
053_150,1
006_15,0
029_12,1
071_79,1
173_131,1
068_141,1
047_91,1
102_16,1
023_25,1
239_10,0
095_12,0
080_14,1
173_11,1
254_29,1
092_20,0
005_6,1
074_49,1
241_24,1
200_36,0
174_106,1
090_23,0
041_64,1
119_55,0
032_37,1
115_89,1
002_55,1
057_57,1
069_18,0
034_112,1
206_21,0
206_25,0
058_5,1
145_5,0
102_51,1
197_18,1
070_4,0
119_42,0
255_3,0
098_22,0
151_71,1
191_7,0
040_3,1
021_32,1
042_51,1
065_41,1
005_20,1
199_18,1
013_47,1
053_63,1
237_24,1
074_85,1
128_11,0
119_28,0
103_11,0
261_1,0
027_10,0
184_2,0
009_150,1
134_48,1
041_26,1
230_35,1
110_60,1
182_21,0
005_29,1
242_0,1
188_7,1
234_25,1
151_44,1
173_140,1
194_39,1
047_96,1
087_19,1
113_12,1
114_27,0
023_41,1
224_6,0
236_4,0
000_116,1
186_237,1
000_9,1
061_110,1
143_37,0
029_30,1
206_38,0
127_46,1
176_8,1
058_8,1
189_0,0
095_18,0
065_65,1
120_41,1
004_77,1
118_68,0
182_30,0
159_1,0
080_48,1
015_49,1
014_55,1
132_13,1
053_133,1
092_28,0
211_67,1
031_104,1
137_14,1
057_28,1
150_28,0
232_40,1
147_43,1
040_47,1
133_12,1
062_22,0
131_4,0
059_73,1
063_69,1
152_16,1
200_26,0
145_3,0
112_116,1
127_61,1
271_37,1
179_20,0
165_76,1
230_70,1
184_42,0
023_36,1
021_101,1
080_170,1
125_5,1
048_13,0
204_77,1
288_0,1
065_13,1
030_3,0
113_38,1
074_59,1
275_9,0
252_2,1
289_17,0
130_38,1
112_101,1
209_55,1
042_69,1
066_151,1
012_9,1
091_266,1
121_46,1
237_28,1
013_22,1
282_4,0
159_8,0
066_174,1
175_93,1
030_14,0
154_2,0
115_49,1
088_7,0
000_57,1
101_95,1
257_6,0
183_3,0
065_108,1
085_26,1
021_71,1
013_56,1
019_3,1
053_61,1
058_33,1
115_74,1
091_134,1
042_6,1
089_69,1
092_6,0
021_100,1
218_8,0
023_29,1
028_11,1
092_29,0
012_73,1
221_9,0
126_17,1
145_1,0
019_7,1
020_44,1
087_26,1
071_118,1
225_13,0
099_133,1
126_19,1
041_67,1
036_70,1
159_40,0
240_16,0
024_44,0
021_13,1
185_68,1
087_32,1
015_65,1
059_60,1
054_72,1
170_4,0
122_59,1
072_9,1
184_27,0
174_19,1
150_54,0
200_30,0
020_84,1
014_6,1
271_8,1
163_34,0
250_17,0
047_20,1
008_28,1
169_85,1
232_18,1
008_62,1
110_38,1
128_1,0
236_6,0
116_53,1
086_27,0
141_14,0
099_49,1
184_11,0
120_40,1
068_75,1
008_53,1
091_168,1
087_51,1
020_55,1
030_11,0
012_33,1
153_32,0
225_2,0
166_26,1
101_83,1
232_11,1
041_36,1
057_26,1
031_81,1
069_11,0
012_48,1
167_66,1
226_32,1
106_44,1
088_18,0
031_3,1
254_16,1
200_11,0
065_158,1
047_8,1
120_39,1
069_9,0
159_5,0
011_2,0
229_23,0
026_22,1
075_17,1
009_96,1
237_22,1
031_28,1
095_26,0
055_8,1
124_24,0
089_23,1
086_26,0
062_23,0
127_39,1
145_0,0
099_90,1
091_215,1
070_0,0
029_39,1
025_7,1
221_20,0
076_87,1
169_71,1
245_12,0
008_74,1
024_12,0
103_18,0
024_35,0
061_130,1
180_22,0
160_50,1
063_30,1
173_23,1
084_3,0
209_19,1
131_38,0
204_41,1
199_27,1
053_32,1
074_131,1
190_21,0
078_14,1
012_85,1
118_67,0
063_11,1
151_87,1
144_93,1
226_53,1
102_2,1
032_42,1
042_10,1
066_48,1
186_40,1
021_47,1
196_70,1
197_86,1
241_40,1
285_14,0
020_117,1
125_4,1
099_134,1
068_148,1
126_30,1
076_74,1
290_3,0
143_50,0
089_56,1
146_4,0
041_27,1
136_23,1
117_4,0
004_106,1
020_10,1
098_17,0
122_96,1
245_13,0
118_28,0
219_55,1
141_23,0
013_136,1
084_22,0
175_56,1
029_48,1
000_11,1
176_27,1
047_70,1
179_6,0
102_3,1
246_9,0
034_138,1
195_6,0
181_8,0
265_6,0
126_34,1
076_90,1
285_15,0
084_2,0
021_33,1
186_194,1
009_157,1
194_13,1
106_28,1
290_11,0
046_7,0
019_30,1
101_39,1
020_46,1
099_113,1
053_158,1
230_50,1
047_11,1
113_43,1
289_0,0
119_51,0
032_73,1
170_22,0
093_27,1
080_161,1
114_13,0
150_80,0
091_130,1
059_64,1
031_103,1
052_15,0
199_56,1
188_71,1
064_65,1
057_49,1
161_9,0
083_7,0
151_72,1
041_14,1
252_19,1
204_71,1
013_146,1
211_29,1
254_44,1
199_38,1
128_33,0
103_36,0
120_19,1
040_64,1
160_68,1
020_58,1
004_81,1
236_13,0
127_12,1
241_4,1
068_107,1
053_136,1
012_45,1
014_4,1
116_52,1
106_39,1
188_107,1
059_53,1
230_6,1
122_55,1
029_29,1
279_2,0
264_10,0
188_38,1
053_137,1
119_48,0
052_39,0
013_53,1
036_74,1
057_32,1
114_19,0
122_95,1
031_43,1
005_28,1
000_30,1
026_12,1
230_83,1
031_93,1
074_62,1
110_10,1
040_42,1
100_9,0
053_118,1
053_64,1
059_39,1
234_58,1
068_36,1
076_4,1
122_49,1
074_102,1
143_17,0
196_12,1
264_14,0
147_8,1
206_32,0
161_33,0
211_60,1
065_89,1
119_14,0
196_6,1
063_68,1
184_0,0
003_35,1
196_98,1
000_63,1
115_69,1
053_139,1
025_14,1
169_62,1
079_10,0
184_5,0
180_43,0
157_12,0
134_38,1
055_32,1
223_23,0
165_33,1
264_4,0
036_35,1
063_64,1
173_138,1
204_9,1
025_95,1
121_11,1
065_156,1
009_183,1
132_6,1
063_12,1
208_26,0
080_58,1
267_18,0
188_45,1
083_21,0
222_9,0
209_50,1
239_2,0
032_71,1
091_221,1
101_128,1
260_6,1
092_4,0
068_183,1
200_46,0
127_25,1
093_13,1
204_22,1
165_69,1
121_41,1
002_13,1
186_206,1
068_74,1
272_2,0
159_11,0
040_1,1
047_104,1
023_43,1
218_25,0
165_30,1
053_53,1
285_16,0
064_50,1
174_42,1
174_77,1
068_246,1
237_32,1
175_78,1
009_208,1
186_128,1
151_79,1
004_115,1
115_11,1
085_64,1
131_57,0
024_63,0
071_19,1
170_25,0
275_0,0
009_127,1
054_47,1
075_16,1
068_103,1
287_0,0
121_57,1
034_147,1
118_29,0
024_28,0
146_23,0
159_31,0
071_157,1
074_8,1
080_5,1
027_13,0
026_39,1
179_10,0
098_26,0
119_97,0
004_23,1
087_77,1
012_7,1
080_135,1
119_39,0
079_24,0
025_36,1
011_1,0
229_18,0
061_72,1
031_85,1
039_33,0
215_5,0
080_68,1
058_84,1
145_4,0
186_55,1
250_7,0
058_88,1
174_14,1
042_13,1
053_69,1
235_24,0
271_18,1
086_5,0
072_61,1
246_23,0
039_9,0
189_11,0
099_127,1
176_36,1
005_7,1
230_9,1
116_31,1
079_33,0
268_29,1
031_62,1
080_103,1
022_66,1
188_128,1
048_19,0
064_12,1
000_22,1
100_4,0
124_13,0
184_6,0
054_54,1
098_2,0
230_36,1
097_21,0
065_40,1
071_142,1
074_7,1
166_8,1
200_38,0
120_56,1
276_5,0
235_9,0
134_30,1
091_138,1
103_30,0
102_43,1
174_32,1
219_3,1
013_39,1
184_4,0
062_3,0
072_55,1
180_51,0
057_14,1
169_34,1
089_26,1
032_5,1
046_16,0
240_7,0
131_55,0
020_111,1
167_40,1
222_10,0
053_86,1
199_54,1
013_44,1
013_145,1
119_45,0
112_113,1
106_40,1
023_40,1
226_22,1
072_27,1
063_79,1
023_20,1
174_64,1
114_1,0
153_29,0
019_25,1
074_5,1
068_354,1
009_24,1
066_173,1
131_87,0
219_30,1
226_15,1
185_64,1
012_4,1
071_150,1
045_25,0
219_7,1
290_10,0
186_222,1
106_5,1
176_57,1
059_1,1
087_64,1
101_116,1
188_79,1
131_72,0
196_67,1
260_20,1
143_51,0
186_235,1
106_4,1
005_47,1
113_13,1
201_8,0
162_8,0
069_17,0
040_106,1
026_4,1
000_115,1
159_39,0
102_66,1
061_84,1
122_10,1
015_78,1
188_34,1
061_65,1
256_3,1
006_1,0
014_7,1
061_73,1
034_113,1
289_2,0
102_42,1
089_70,1
059_40,1
168_22,0
122_88,1
142_16,1
112_62,1
132_59,1
058_45,1
204_84,1
176_17,1
063_67,1
063_32,1
040_43,1
000_78,1
119_102,0
194_74,1
167_10,1
012_60,1
242_10,1
218_10,0
095_4,0
103_14,0
052_47,0
024_61,0
226_36,1
285_5,0
076_68,1
174_43,1
053_185,1
229_1,0
019_24,1
018_20,0
191_20,0
074_14,1
054_70,1
012_0,1
062_26,0
091_18,1
200_39,0
175_67,1
218_9,0
061_11,1
084_14,0
196_34,1
161_5,0
223_27,0
120_35,1
057_39,1
126_24,1
271_7,1
257_11,0
233_14,1
194_24,1
071_108,1
040_85,1
271_40,1
008_64,1
169_16,1
085_73,1
124_15,0
211_22,1
039_39,0
122_92,1
165_14,1
058_71,1
052_25,0
093_5,1
072_86,1
123_24,0
047_92,1
134_47,1
146_11,0
226_7,1
160_25,1
079_18,0
233_15,1
091_158,1
234_59,1
176_50,1
161_34,0
099_51,1
028_58,1
039_10,0
102_33,1
057_64,1
196_65,1
199_29,1
047_41,1
003_50,1
234_50,1
069_7,0
053_161,1
137_4,1
176_5,1
100_22,0
226_42,1
075_44,1
118_73,0
071_96,1
055_36,1
147_41,1
065_74,1
083_4,0
059_3,1
197_42,1
085_40,1
003_15,1
054_66,1
102_23,1
066_117,1
230_26,1
169_86,1
246_27,0
059_44,1
247_13,0
167_56,1
080_164,1
199_48,1
165_62,1
048_8,0
004_70,1
204_3,1
184_8,0
167_23,1
150_38,0
115_79,1
006_13,0
019_35,1
180_49,0
041_102,1
211_25,1
027_42,0
083_18,0
008_51,1
118_65,0
068_250,1
167_62,1
068_30,1
073_22,0
026_85,1
233_34,1
034_46,1
059_95,1
169_45,1
047_35,1
001_22,0
174_58,1
209_17,1
168_16,0
076_93,1
116_21,1
001_6,0
200_33,0
099_42,1
285_7,0
059_114,1
202_1,0
265_7,0
137_36,1
101_79,1
073_17,0
131_94,0
074_114,1
045_10,0
122_90,1
000_7,1
209_9,1
084_8,0
241_10,1
197_14,1
009_23,1
063_26,1
034_149,1
041_74,1
175_60,1
029_56,1
114_11,0
146_12,0
115_139,1
122_94,1
061_45,1
068_287,1
032_60,1
099_52,1
119_63,0
150_71,0
188_122,1
039_7,0
102_22,1
205_7,0
028_24,1
241_29,1
266_6,0
183_21,0
133_95,1
176_24,1
112_81,1
163_63,0
004_31,1
059_43,1
009_100,1
261_14,0
163_39,0
058_2,1
054_83,1
008_73,1
015_89,1
134_19,1
076_56,1
173_151,1
013_109,1
219_54,1
034_56,1
181_27,0
130_54,1
174_112,1
169_32,1
028_39,1
191_5,0
103_22,0
261_8,0
130_27,1
088_4,0
087_66,1
091_206,1
034_104,1
232_38,1
179_2,0
070_10,0
055_7,1
167_11,1
152_11,1
174_22,1
008_25,1
006_6,0
015_0,1
052_10,0
009_61,1
009_89,1
000_105,1
140_10,1
054_48,1
147_22,1
063_24,1
219_36,1
002_58,1
106_42,1
068_171,1
098_23,0
207_2,1
023_22,1
151_50,1
009_203,1
126_77,1
080_32,1
034_21,1
197_61,1
021_30,1
233_46,1
061_57,1
085_69,1
026_83,1
226_8,1
040_33,1
024_8,0
204_51,1
143_49,0
012_36,1
068_19,1
065_193,1
264_8,0
072_30,1
157_15,0
241_66,1
023_8,1
181_26,0
098_13,0
167_48,1
170_18,0
204_68,1
163_64,0
091_113,1
112_26,1
268_13,1
013_61,1
123_33,0
014_20,1
186_232,1
180_2,0
176_43,1
042_44,1
041_81,1
003_4,1
180_17,0
142_15,1
054_32,1
159_12,0
022_15,1
165_36,1
084_21,0
078_10,1
062_12,0
030_4,0
065_128,1
218_7,0
085_28,1
144_30,1
223_28,0
232_35,1
073_23,0
184_35,0
032_72,1
002_96,1
175_66,1
116_51,1
282_1,0
132_56,1
237_4,1
184_16,0
163_47,0
068_110,1
196_92,1
059_30,1
013_32,1
080_39,1
103_37,0
053_170,1
058_50,1
208_25,0
029_11,1
156_0,0
173_54,1
165_16,1
074_94,1
009_28,1
240_15,0
175_64,1
115_50,1
002_7,1
028_80,1
160_79,1
083_11,0
021_12,1
078_83,1
144_16,1
150_3,0
031_56,1
116_57,1
061_31,1
142_19,1
112_73,1
271_19,1
186_116,1
078_79,1
064_20,1
136_18,1
052_4,0
103_8,0
047_74,1
020_51,1
014_40,1
186_190,1
115_137,1
118_43,0
204_57,1
161_6,0
065_57,1
141_20,0
132_55,1
161_22,0
021_87,1
013_15,1
036_23,1
075_55,1
034_53,1
087_38,1
009_120,1
204_60,1
098_7,0
041_17,1
028_14,1
169_27,1
061_35,1
183_11,0
008_81,1
018_4,0
101_166,1
006_7,0
009_93,1
132_2,1
143_48,0
069_19,0
184_13,0
162_34,0
117_8,0
194_53,1
013_55,1
170_17,0
020_28,1
090_17,0
176_51,1
089_8,1
121_47,1
110_26,1
257_1,0
223_13,0
004_8,1
242_11,1
246_6,0
173_63,1
103_26,0
018_5,0
285_6,0
247_12,0
223_20,0
112_29,1
086_4,0
068_94,1
228_22,1
097_24,0
054_49,1
076_49,1
018_27,0
066_171,1
034_48,1
024_66,0
124_39,0
245_10,0
101_80,1
063_40,1
147_37,1
279_23,0
209_38,1
004_89,1
114_9,0
133_71,1
133_73,1
009_7,1
020_4,1
119_85,0
103_20,0
015_66,1
007_2,0
277_5,0
012_10,1
091_152,1
225_14,0
234_32,1
115_3,1
199_58,1
188_18,1
208_15,0
166_42,1
186_179,1
039_19,0
196_63,1
224_10,0
057_25,1
147_21,1
215_1,0
126_62,1
068_77,1
097_11,0
102_11,1
003_17,1
103_7,0
042_9,1
134_7,1
058_38,1
156_1,0
132_9,1
003_44,1
194_60,1
279_11,0
194_49,1
026_56,1
004_86,1
032_34,1
090_3,0
165_43,1
121_51,1
015_98,1
188_72,1
136_5,1
147_33,1
123_27,0
224_8,0
057_31,1
066_110,1
166_16,1
119_65,0
003_42,1
132_26,1
255_11,0
144_34,1
065_7,1
237_21,1
245_5,0
075_20,1
211_57,1
055_51,1
118_26,0
055_52,1
085_62,1
076_38,1
014_17,1
196_33,1
046_2,0
218_21,0
080_42,1
233_39,1
119_99,0
031_83,1
102_30,1
232_64,1
054_30,1
160_9,1
127_23,1
086_8,0
076_26,1
169_47,1
196_68,1
229_19,0
087_94,1
230_87,1
226_48,1
169_84,1
186_16,1
029_25,1
069_14,0
289_4,0
062_28,0
031_19,1
069_23,0
202_4,0
185_62,1
233_17,1
011_20,0
150_25,0
071_17,1
202_17,0
002_99,1
127_41,1
218_13,0
106_15,1
184_37,0
092_3,0
252_3,1
186_247,1
009_218,1
268_7,1
211_10,1
080_101,1
115_99,1
230_44,1
061_88,1
078_51,1
184_20,0
015_91,1
091_166,1
057_48,1
068_73,1
099_22,1
080_132,1
143_41,0
116_2,1
127_55,1
069_25,0
099_118,1
063_18,1
041_70,1
128_20,0
225_8,0
110_19,1
159_24,0
115_93,1
024_33,0
188_44,1
134_21,1
053_70,1
200_45,0
065_123,1
071_51,1
284_0,0
254_38,1
163_0,0
174_13,1
241_34,1
173_49,1
012_27,1
066_144,1
011_8,0
195_10,0
110_54,1
254_35,1
174_81,1
065_104,1
066_40,1
233_11,1
026_14,1
080_56,1
002_36,1
000_85,1
197_24,1
237_0,1
076_23,1
263_6,0
004_103,1
028_30,1
147_40,1
064_4,1
246_17,0
041_59,1
095_11,0
237_27,1
234_69,1
003_38,1
160_75,1
221_21,0
200_34,0
076_7,1
279_17,0
000_56,1
181_29,0
174_86,1
065_54,1
042_75,1
182_20,0
085_7,1
004_91,1
000_60,1
124_1,0
012_37,1
141_34,0
126_63,1
132_38,1
209_21,1
289_16,0
240_12,0
028_76,1
232_29,1
179_8,0
008_76,1
282_6,0
226_3,1
014_53,1
209_48,1
042_14,1
020_75,1
083_15,0
175_29,1
127_70,1
068_194,1
177_38,0
254_23,1
188_33,1
234_3,1
162_16,0
232_44,1
290_16,0
080_144,1
123_17,0
226_26,1
103_16,0
041_104,1
025_37,1
153_17,0
290_25,0
267_36,0
034_38,1
127_14,1
021_116,1
170_24,0
186_37,1
025_41,1
002_17,1
169_43,1
066_70,1
099_27,1
186_141,1
165_48,1
100_13,0
027_21,0
028_52,1
110_51,1
091_33,1
133_23,1
150_41,0
058_35,1
204_38,1
127_34,1
000_5,1
078_66,1
180_33,0
166_24,1
002_40,1
057_17,1
234_60,1
072_34,1
194_97,1
041_77,1
088_15,0
061_132,1
001_18,0
009_37,1
026_17,1
219_37,1
205_15,0
228_1,1
211_19,1
224_17,0
150_11,0
047_10,1
110_55,1
165_7,1
169_30,1
008_56,1
173_122,1
112_70,1
097_7,0
055_38,1
194_29,1
087_65,1
128_6,0
019_13,1
123_19,0
110_37,1
211_33,1
066_120,1
000_77,1
151_48,1
199_19,1
034_108,1
179_7,0
174_39,1
091_180,1
237_40,1
000_106,1
059_2,1
013_57,1
080_174,1
029_52,1
106_14,1
023_19,1
134_32,1
013_40,1
019_32,1
199_1,1
058_85,1
188_47,1
255_2,0
142_3,1
076_2,1
110_8,1
101_119,1
230_41,1
013_80,1
055_41,1
106_30,1
200_32,0
076_66,1
074_113,1
112_112,1
102_50,1
062_20,0
057_59,1
099_120,1
106_8,1
050_0,0
204_73,1
089_58,1
061_7,1
215_2,0
176_10,1
159_27,0
065_138,1
195_3,0
188_49,1
204_4,1
012_18,1
089_66,1
248_17,0
098_15,0
170_3,0
278_0,0
121_58,1
036_43,1
137_11,1
040_74,1
242_16,1
068_105,1
196_114,1
013_49,1
209_39,1
103_5,0
101_123,1
186_219,1
211_17,1
196_54,1
008_36,1
168_15,0
075_63,1
162_14,0
013_119,1
042_26,1
021_52,1
004_30,1
036_15,1
118_13,0
175_6,1
163_51,0
166_45,1
233_49,1
132_54,1
024_48,0
057_15,1
291_1,0
040_65,1
153_62,0
069_20,0
039_37,0
097_37,0
042_4,1
001_4,0
142_10,1
099_66,1
204_69,1
185_50,1
173_125,1
009_201,1
276_6,0
132_15,1
054_13,1
181_9,0
174_114,1
078_81,1
225_3,0
279_14,0
173_68,1
076_3,1
189_8,0
095_22,0
013_93,1
123_23,0
036_0,1
040_102,1
028_50,1
232_22,1
008_85,1
261_3,0
009_39,1
042_47,1
078_45,1
151_82,1
099_12,1
264_6,0
119_1,0
122_38,1
174_83,1
089_11,1
131_81,0
173_79,1
008_31,1
166_47,1
066_32,1
254_39,1
053_138,1
009_71,1
102_24,1
003_41,1
234_17,1
004_29,1
131_43,0
181_6,0
151_37,1
277_0,0
054_23,1
097_51,0
080_73,1
026_34,1
207_3,1
137_1,1
029_51,1
079_13,0
144_41,1
234_42,1
161_16,0
292_0,0
039_28,0
116_47,1
175_16,1
078_36,1
012_11,1
115_44,1
045_2,0
196_113,1
126_45,1
167_31,1
040_11,1
065_143,1
068_16,1
003_48,1
026_54,1
128_0,0
080_55,1
047_28,1
042_3,1
134_53,1
013_28,1
233_42,1
131_53,0
025_89,1
028_4,1
126_60,1
047_54,1
218_29,0
285_17,0
131_19,0
055_56,1
110_46,1
283_7,0
013_141,1
054_74,1
131_67,0
080_105,1
099_20,1
175_8,1
023_65,1
023_10,1
076_5,1
088_6,0
188_89,1
068_115,1
189_18,0
150_68,0
052_34,0
080_91,1
039_38,0
150_74,0
018_23,0
088_16,0
234_36,1
073_59,0
054_20,1
068_233,1
241_1,1
174_73,1
063_15,1
091_93,1
073_56,0
058_32,1
244_4,0
124_29,0
034_133,1
201_13,0
020_97,1
196_7,1
113_39,1
031_54,1
174_109,1
072_4,1
175_68,1
151_92,1
188_66,1
147_31,1
174_95,1
034_41,1
091_21,1
160_26,1
059_16,1
066_37,1
165_3,1
266_17,0
186_71,1
153_51,0
053_152,1
087_5,1
204_0,1
112_15,1
000_101,1
124_12,0
160_62,1
013_63,1
167_43,1
005_9,1
147_14,1
124_11,0
013_52,1
194_70,1
019_19,1
080_82,1
039_34,0
011_5,0
089_32,1
090_11,0
065_84,1
024_30,0
047_81,1
118_95,0
271_35,1
211_27,1
169_7,1
074_109,1
118_69,0
275_19,0
241_5,1
222_5,0
174_56,1
102_8,1
066_150,1
230_31,1
065_154,1
137_6,1
204_81,1
114_14,0
122_51,1
113_9,1
059_80,1
112_71,1
254_27,1
064_58,1
200_9,0
031_77,1
157_20,0
028_64,1
101_136,1
267_22,0
143_0,0
232_26,1
150_89,0
209_58,1
085_58,1
173_40,1
196_97,1
145_12,0
034_135,1
120_28,1
122_58,1
131_33,0
029_7,1
014_8,1
175_36,1
165_13,1
027_32,0
003_40,1
080_28,1
197_30,1
085_33,1
246_22,0
183_22,0
052_9,0
162_35,0
197_55,1
093_11,1
028_16,1
106_26,1
055_40,1
021_28,1
144_59,1
000_91,1
023_56,1
127_52,1
151_97,1
160_53,1
181_11,0
080_67,1
013_113,1
199_20,1
099_56,1
052_51,0
101_121,1
050_7,0
133_50,1
091_139,1
194_23,1
013_16,1
179_18,0
122_34,1
004_67,1
078_11,1
147_18,1
075_50,1
283_0,0
101_29,1
083_16,0
015_96,1
205_3,0
021_86,1
099_25,1
071_148,1
219_33,1
071_57,1
065_34,1
079_48,0
007_0,0
196_53,1
200_20,0
000_43,1
264_13,0
028_63,1
206_31,0
074_110,1
150_53,0
087_58,1
068_339,1
097_18,0
287_6,0
215_7,0
123_16,0
137_2,1
020_93,1
237_39,1
173_105,1
142_18,1
041_113,1
000_29,1
225_15,0
188_23,1
154_3,0
076_35,1
074_142,1
020_147,1
089_40,1
161_27,0
271_4,1
146_13,0
086_9,0
236_9,0
025_78,1
097_59,0
127_38,1
283_1,0
279_6,0
140_0,1
005_12,1
006_11,0
099_129,1
282_2,0
115_98,1
032_25,1
061_15,1
028_10,1
076_64,1
089_62,1
208_1,0
167_58,1
179_14,0
087_70,1
110_39,1
226_19,1
292_4,0
196_14,1
131_11,0
028_32,1
127_7,1
146_14,0
204_91,1
083_9,0
139_6,0
235_37,0
053_156,1
144_24,1
221_3,0
000_83,1
002_33,1
170_0,0
058_41,1
202_8,0
228_33,1
024_53,0
126_25,1
074_20,1
139_11,0
169_70,1
176_19,1
209_65,1
131_32,0
116_6,1
177_12,0
188_130,1
068_153,1
242_12,1
061_34,1
204_39,1
110_61,1
208_17,0
076_43,1
191_18,0
153_7,0
000_118,1
218_5,0
025_64,1
076_25,1
073_46,0
015_92,1
265_25,0
005_18,1
068_182,1
131_42,0
175_34,1
022_20,1
173_109,1
266_13,0
130_34,1
112_79,1
012_56,1
220_7,0
230_29,1
234_35,1
112_43,1
099_19,1
030_16,0
002_9,1
211_54,1
055_12,1
248_25,0
024_3,0
173_110,1
151_58,1
066_91,1
166_51,1
150_36,0
153_54,0
008_20,1
128_18,0
167_54,1
180_47,0
083_17,0
234_55,1
013_8,1
112_127,1
061_141,1
101_34,1
034_123,1
208_2,0
059_58,1
123_26,0
013_79,1
177_30,0
041_78,1
142_24,1
047_93,1
226_44,1
020_124,1
230_66,1
174_51,1
186_58,1
103_34,0
004_46,1
005_1,1
165_34,1
146_9,0
271_26,1
072_0,1
040_44,1
133_14,1
013_10,1
054_96,1
196_60,1
048_3,0
226_60,1
074_35,1
091_248,1
091_39,1
144_83,1
194_52,1
057_62,1
089_22,1
085_34,1
091_250,1
084_20,0
244_0,0
261_0,0
221_1,0
248_19,0
028_37,1
127_66,1
182_22,0
215_0,0
088_14,0
040_13,1
256_5,1
121_16,1
098_20,0
064_53,1
012_6,1
139_0,0
053_59,1
123_22,0
113_11,1
152_5,1
092_2,0
020_140,1
023_21,1
057_7,1
166_36,1
261_12,0
255_17,0
136_15,1
197_90,1
221_16,0
150_64,0
184_28,0
089_61,1
188_92,1
097_34,0
020_65,1
066_146,1
004_117,1
156_11,0
267_35,0
065_157,1
098_19,0
031_79,1
226_56,1
080_150,1
168_27,0
197_34,1
131_62,0
034_127,1
009_142,1
076_55,1
075_23,1
091_226,1
116_32,1
260_17,1
009_40,1
143_40,0
174_118,1
064_48,1
025_69,1
041_15,1
008_58,1
161_19,0
156_19,0
101_13,1
197_82,1
255_5,0
188_114,1
000_34,1
124_36,0
000_6,1
019_10,1
059_5,1
045_19,0
185_17,1
041_83,1
241_16,1
064_9,1
053_55,1
080_54,1
230_2,1
072_52,1
133_26,1
175_5,1
113_33,1
264_15,0
078_65,1
179_16,0
115_114,1
136_39,1
027_1,0
024_24,0
169_28,1
080_93,1
003_5,1
122_31,1
028_9,1
014_44,1
177_10,0
061_36,1
098_25,0
053_49,1
089_31,1
085_27,1
008_40,1
091_154,1
211_44,1
021_34,1
083_6,0
182_34,0
039_30,0
064_61,1
030_10,0
230_63,1
235_17,0
025_84,1
021_41,1
201_11,0
167_33,1
070_22,0
122_52,1
232_34,1
061_99,1
000_68,1
066_118,1
208_7,0
063_80,1
021_36,1
165_68,1
196_75,1
054_68,1
179_21,0
071_171,1
196_13,1
153_44,0
197_99,1
167_9,1
147_20,1
110_3,1
068_326,1
127_62,1
195_12,0
233_40,1
047_98,1
196_101,1
023_47,1
027_18,0
169_91,1
068_81,1
118_2,0
112_5,1
142_4,1
024_29,0
260_33,1
165_66,1
058_37,1
161_25,0
205_13,0
150_45,0
222_15,0
091_276,1
065_200,1
197_41,1
151_102,1
034_119,1
147_5,1
130_3,1
063_58,1
055_13,1
061_123,1
041_84,1
071_83,1
271_25,1
211_31,1
175_23,1
097_53,0
026_36,1
150_18,0
071_168,1
097_58,0
103_32,0
137_5,1
071_7,1
186_249,1
170_19,0
115_39,1
186_47,1
101_48,1
118_19,0
176_1,1
074_134,1
121_10,1
118_71,0
047_21,1
110_41,1
200_23,0
065_122,1
197_81,1
103_4,0
176_37,1
073_44,0
014_50,1
228_5,1
080_20,1
132_36,1
188_115,1
054_10,1
054_55,1
027_30,0
027_0,0
064_26,1
116_44,1
112_104,1
169_46,1
168_49,0
088_8,0
057_8,1
139_14,0
071_84,1
268_11,1
275_8,0
186_158,1
267_2,0
120_55,1
028_33,1
183_2,0
205_9,0
055_20,1
072_56,1
194_82,1
185_44,1
030_15,0
065_164,1
194_11,1
079_30,0
102_35,1
039_15,0
226_35,1
047_25,1
241_19,1
071_85,1
147_19,1
020_40,1
041_38,1
009_33,1
074_104,1
121_62,1
015_2,1
066_143,1
008_38,1
008_26,1
166_13,1
197_22,1
211_36,1
101_75,1
197_32,1
065_197,1
144_6,1
245_11,0
112_105,1
009_10,1
235_18,0
209_20,1
200_4,0
241_17,1
032_8,1
069_12,0
189_1,0
150_73,0
119_3,0
199_23,1
048_14,0
121_1,1
028_3,1
118_6,0
053_187,1
115_100,1
020_9,1
030_23,0
130_4,1
115_102,1
008_47,1
058_74,1
199_5,1
146_15,0
098_24,0
131_54,0
098_11,0
101_27,1
167_14,1
132_47,1
002_45,1
106_13,1
165_63,1
065_155,1
163_40,0
114_23,0
020_105,1
153_18,0
116_28,1
176_12,1
260_10,1
112_88,1
039_23,0
205_14,0
115_115,1
287_5,0
088_5,0
078_63,1
173_28,1
196_50,1
065_124,1
002_34,1
012_50,1
186_160,1
113_18,1
271_30,1
071_181,1
230_47,1
073_55,0
163_28,0
246_14,0
150_51,0
054_40,1
023_38,1
188_97,1
122_89,1
024_31,0
205_21,0
062_4,0
061_101,1
185_77,1
175_37,1
084_7,0
173_2,1
019_37,1
209_10,1
194_73,1
162_18,0
177_29,0
024_49,0
120_32,1
208_6,0
040_108,1
068_60,1
196_99,1
177_37,0
045_12,0
101_138,1
071_182,1
015_20,1
174_10,1
012_46,1
068_84,1
061_21,1
015_4,1
237_9,1
065_28,1
165_11,1
199_14,1
186_92,1
123_37,0
061_93,1
167_16,1
080_186,1
057_45,1
151_8,1
036_41,1
194_17,1
181_4,0
063_77,1
179_1,0
074_38,1
012_68,1
040_27,1
004_95,1
055_29,1
031_69,1
267_28,0
089_28,1
076_75,1
057_9,1
150_22,0
235_35,0
015_94,1
186_257,1
123_11,0
073_41,0
022_4,1
240_0,0
020_15,1
046_17,0
293_0,0
160_60,1
119_96,0
015_26,1
162_7,0
151_57,1
126_23,1
031_72,1
095_14,0
184_9,0
018_16,0
150_6,0
058_61,1
097_54,0
246_4,0
133_77,1
013_103,1
197_10,1
257_7,0
068_83,1
137_25,1
131_15,0
137_28,1
201_12,0
123_13,0
159_23,0
020_47,1
184_19,0
186_49,1
133_94,1
194_84,1
147_25,1
078_73,1
112_32,1
160_41,1
194_36,1
120_33,1
087_35,1
047_57,1
013_147,1
118_8,0
127_28,1
161_35,0
120_46,1
064_13,1
032_1,1
199_28,1
057_35,1
011_14,0
001_1,0
248_1,0
041_96,1
228_18,1
244_5,0
034_114,1
150_34,0
084_13,0
080_44,1
234_33,1
086_29,0
065_195,1
188_32,1
032_46,1
045_6,0
100_19,0
026_52,1
026_71,1
230_88,1
121_31,1
167_1,1
118_55,0
189_20,0
050_3,0
128_10,0
124_41,0
218_6,0
068_225,1
131_5,0
029_44,1
009_109,1
157_24,0
131_9,0
120_23,1
058_29,1
021_55,1
139_4,0
092_22,0
185_54,1
065_140,1
219_39,1
188_112,1
098_4,0
283_3,0
205_4,0
188_84,1
221_10,0
048_7,0
074_115,1
265_17,0
260_19,1
229_4,0
150_21,0
054_60,1
194_26,1
003_13,1
085_8,1
102_10,1
144_39,1
020_85,1
150_8,0
224_1,0
222_8,0
166_49,1
054_92,1
113_41,1
180_16,0
248_4,0
183_13,0
026_19,1
194_66,1
173_5,1
204_67,1
042_25,1
065_4,1
188_30,1
064_66,1
196_77,1
090_6,0
167_68,1
175_11,1
002_53,1
087_25,1
126_67,1
150_62,0
075_40,1
059_59,1
128_30,0
065_23,1
019_8,1
018_22,0
182_4,0
113_45,1
101_21,1
196_2,1
169_13,1
065_22,1
086_7,0
086_28,0
071_55,1
174_47,1
054_18,1
206_47,0
034_28,1
013_138,1
183_8,0
271_6,1
071_68,1
267_13,0
153_31,0
116_39,1
068_237,1
091_127,1
062_8,0
031_70,1
076_72,1
147_16,1
289_7,0
254_7,1
234_53,1
184_3,0
168_12,0
088_9,0
084_24,0
121_3,1
282_3,0
025_81,1
180_11,0
008_9,1
197_20,1
131_21,0
188_15,1
124_5,0
188_111,1
121_4,1
199_7,1
008_17,1
150_23,0
143_14,0
014_14,1
150_31,0
053_134,1
063_35,1
040_91,1
025_86,1
009_111,1
166_3,1
144_4,1
040_28,1
008_23,1
233_30,1
142_32,1
020_78,1
021_65,1
018_24,0
167_7,1
134_35,1
119_81,0
073_4,0
023_11,1
211_35,1
294_5,1
157_2,0
175_14,1
130_33,1
009_42,1
241_2,1
025_21,1
185_60,1
076_76,1
032_2,1
194_61,1
125_8,1
185_23,1
078_12,1
002_86,1
073_58,0
159_20,0
103_10,0
110_35,1
080_30,1
054_71,1
152_21,1
139_8,0
062_11,0
015_25,1
055_6,1
240_8,0
110_9,1
174_12,1
099_96,1
053_140,1
029_16,1
266_20,0
072_28,1
161_17,0
000_70,1
153_55,0
133_6,1
004_59,1
136_22,1
009_48,1
295_0,1
068_310,1
112_44,1
175_20,1
009_161,1
237_37,1
080_146,1
188_99,1
004_41,1
100_14,0
089_44,1
041_100,1
127_29,1
206_49,0
176_21,1
091_170,1
199_43,1
022_40,1
066_141,1
058_62,1
248_3,0
206_53,0
268_28,1
100_16,0
040_75,1
026_64,1
061_112,1
181_18,0
151_2,1
126_78,1
166_31,1
031_27,1
080_16,1
026_67,1
004_49,1
074_127,1
110_44,1
140_5,1
143_12,0
068_302,1
054_50,1
015_10,1
285_2,0
057_21,1
013_139,1
152_19,1
290_14,0
097_15,0
261_13,0
260_30,1
289_11,0
152_2,1
245_17,0
228_4,1
063_51,1
068_24,1
289_15,0
206_11,0
018_15,0
233_45,1
004_62,1
093_28,1
119_30,0
022_49,1
208_29,0
007_9,0
112_10,1
232_55,1
132_50,1
167_2,1
046_3,0
008_32,1
065_174,1
027_12,0
004_9,1
087_53,1
189_2,0
113_40,1
039_4,0
064_24,1
040_7,1
246_10,0
170_23,0
032_77,1
042_27,1
167_32,1
206_28,0
054_38,1
063_52,1
211_65,1
219_13,1
186_178,1
261_9,0
079_31,0
040_46,1
113_55,1
123_34,0
266_22,0
032_49,1
039_32,0
143_28,0
022_19,1
115_128,1
234_43,1
102_32,1
248_18,0
234_49,1
055_5,1
040_19,1
116_42,1
123_36,0
200_13,0
091_140,1
100_18,0
130_32,1
024_27,0
154_8,0
080_145,1
156_3,0
142_9,1
048_12,0
025_26,1
092_16,0
173_41,1
028_75,1
089_45,1
131_86,0
053_60,1
079_6,0
041_121,1
196_4,1
034_85,1
201_7,0
244_10,0
021_16,1
034_67,1
163_29,0
131_65,0
160_61,1
085_20,1
241_30,1
088_10,0
115_88,1
234_8,1
197_15,1
132_1,1
092_14,0
237_38,1
021_69,1
075_46,1
234_2,1
127_50,1
026_46,1
015_28,1
088_1,0
218_4,0
073_18,0
058_40,1
197_63,1
150_13,0
036_8,1
006_9,0
182_15,0
040_69,1
023_0,1
091_249,1
204_46,1
191_17,0
088_24,0
150_26,0
126_59,1
080_46,1
021_120,1
029_21,1
106_34,1
072_8,1
097_38,0
027_33,0
219_14,1
132_57,1
209_5,1
025_57,1
097_55,0
186_145,1
150_50,0
015_34,1
200_27,0
045_24,0
290_4,0
078_46,1
008_67,1
176_7,1
209_2,1
070_11,0
228_3,1
204_40,1
014_45,1
197_29,1
118_89,0
055_19,1
002_102,1
167_64,1
165_86,1
113_58,1
091_187,1
074_72,1
254_28,1
206_7,0
066_152,1
013_46,1
127_3,1
066_54,1
099_34,1
169_82,1
271_3,1
063_29,1
127_72,1
294_1,1
009_146,1
009_164,1
110_28,1
116_9,1
004_18,1
209_1,1
042_35,1
062_6,0
221_15,0
196_58,1
091_224,1
190_0,0
000_102,1
122_98,1
029_36,1
004_38,1
205_16,0
196_73,1
201_9,0
264_12,0
131_91,0
130_50,1
196_82,1
285_8,0
103_15,0
186_210,1
034_45,1
114_8,0
147_4,1
209_56,1
068_134,1
008_15,1
101_99,1
053_17,1
200_18,0
246_31,0
112_119,1
102_44,1
294_2,1
101_122,1
150_66,0
000_81,1
179_11,0
013_125,1
097_10,0
291_0,0
069_2,0
120_14,1
209_53,1
145_13,0
247_14,0
174_110,1
234_71,1
079_5,0
261_15,0
271_17,1
059_63,1
232_24,1
174_79,1
118_38,0
264_11,0
142_7,1
261_4,0
001_21,0
042_62,1
068_40,1
013_50,1
182_23,0
197_98,1
168_11,0
013_151,1
177_21,0
004_96,1
163_25,0
045_27,0
032_3,1
112_36,1
248_24,0
047_101,1
123_10,0
032_18,1
068_263,1
196_66,1
032_29,1
188_37,1
034_161,1
186_227,1
053_192,1
074_76,1
068_55,1
073_1,0
204_75,1
127_51,1
151_42,1
106_31,1
005_30,1
064_25,1
031_2,1
054_8,1
183_7,0
059_86,1
047_83,1
115_135,1
185_78,1
130_8,1
015_88,1
179_9,0
173_127,1
172_0,0
078_86,1
027_22,0
062_15,0
089_24,1
150_57,0
150_48,0
089_43,1
087_22,1
246_15,0
061_60,1
062_1,0
054_90,1
012_42,1
101_63,1
169_75,1
112_35,1
226_41,1
120_15,1
205_11,0
173_69,1
240_5,0
065_194,1
055_42,1
261_10,0
185_3,1
175_86,1
159_29,0
047_102,1
112_11,1
012_62,1
196_74,1
030_9,0
084_19,0
058_49,1
059_62,1
014_35,1
209_52,1
028_34,1
119_29,0
235_25,0
053_36,1
005_17,1
174_117,1
289_5,0
257_0,0
087_56,1
147_12,1
065_189,1
145_2,0
232_60,1
153_68,0
031_71,1
080_13,1
195_7,0
223_17,0
166_12,1
048_6,0
115_111,1
053_109,1
144_42,1
232_14,1
004_57,1
008_42,1
005_21,1
168_34,0
095_17,0
100_11,0
079_56,0
009_81,1
254_30,1
015_30,1
185_70,1
026_20,1
004_37,1
080_187,1
029_14,1
179_17,0
118_24,0
086_20,0
066_76,1
076_32,1
112_9,1
029_41,1
173_56,1
021_14,1
020_109,1
001_11,0
208_20,0
045_17,0
028_41,1
163_53,0
159_32,0
127_65,1
040_66,1
095_6,0
241_47,1
054_41,1
002_52,1
063_62,1
013_48,1
200_12,0
020_63,1
233_60,1
068_187,1
061_143,1
023_9,1
122_46,1
174_23,1
071_56,1
117_3,0
253_1,0
123_31,0
179_13,0
289_3,0
074_56,1
190_20,0
209_43,1
040_80,1
232_49,1
066_172,1
253_4,0
279_13,0
068_21,1
045_4,0
131_40,0
026_61,1
000_87,1
065_8,1
115_147,1
126_65,1
131_89,0
191_6,0
197_7,1
285_13,0
175_79,1
059_41,1
036_31,1
002_30,1
163_60,0
113_42,1
000_121,1
011_21,0
087_36,1
241_58,1
241_68,1
087_23,1
013_133,1
028_29,1
024_42,0
225_9,0
072_24,1
147_6,1
197_88,1
006_10,0
029_54,1
041_105,1
186_7,1
047_85,1
154_12,0
065_85,1
091_169,1
211_23,1
024_15,0
062_7,0
015_54,1
091_145,1
059_56,1
063_17,1
047_86,1
181_28,0
102_37,1
068_218,1
079_43,0
029_20,1
267_10,0
127_78,1
175_42,1
127_21,1
068_346,1
012_13,1
248_23,0
140_4,1
137_8,1
065_120,1
228_9,1
009_90,1
065_152,1
118_10,0
042_16,1
009_116,1
188_13,1
084_17,0
186_156,1
058_67,1
091_207,1
053_58,1
003_39,1
015_8,1
087_59,1
200_28,0
241_0,1
131_96,0
079_4,0
188_5,1
197_37,1
071_41,1
003_29,1
053_104,1
080_137,1
015_60,1
132_23,1
218_19,0
055_31,1
157_16,0
095_7,0
087_97,1
041_112,1
266_19,0
126_57,1
209_40,1
091_142,1
002_54,1
002_103,1
085_12,1
186_236,1
200_41,0
150_44,0
185_55,1
026_31,1
119_70,0
005_31,1
029_45,1
144_13,1
061_82,1
080_139,1
097_12,0
110_21,1
161_29,0
106_12,1
137_44,1
294_0,1
102_1,1
001_20,0
087_85,1
176_44,1
197_95,1
162_9,0
245_15,0
126_22,1
226_30,1
156_22,0
005_27,1
029_34,1
207_8,1
080_33,1
204_36,1
045_15,0
087_101,1
059_94,1
229_7,0
052_6,0
101_55,1
113_8,1
169_72,1
080_61,1
021_67,1
137_20,1
029_24,1
128_14,0
131_77,0
241_41,1
013_131,1
019_33,1
004_107,1
196_78,1
102_34,1
014_47,1
256_8,1
232_23,1
113_14,1
127_19,1
028_46,1
063_14,1
057_0,1
008_72,1
223_18,0
127_68,1
036_50,1
012_16,1
194_72,1
126_36,1
194_38,1
025_77,1
157_23,0
021_96,1
054_5,1
085_68,1
103_3,0
026_55,1
195_1,0
019_20,1
250_6,0
219_5,1
200_25,0
059_96,1
166_7,1
024_54,0
200_42,0
241_57,1
173_101,1
117_22,0
106_29,1
132_33,1
021_123,1
152_7,1
119_18,0
029_47,1
087_27,1
091_29,1
278_1,0
174_5,1
185_63,1
110_40,1
146_22,0
209_28,1
028_13,1
206_18,0
172_10,0
118_64,0
071_175,1
097_27,0
186_241,1
080_151,1
021_49,1
119_59,0
110_32,1
180_39,0
128_24,0
030_26,0
144_87,1
026_80,1
204_29,1
188_9,1
123_40,0
174_92,1
000_80,1
098_18,0
232_47,1
059_93,1
122_25,1
136_14,1
024_40,0
041_85,1
057_47,1
097_43,0
122_56,1
160_17,1
112_51,1
031_13,1
175_62,1
122_0,1
201_6,0
008_44,1
165_45,1
072_40,1
058_34,1
034_8,1
292_3,0
194_88,1
186_240,1
126_38,1
031_53,1
165_46,1
013_70,1
074_63,1
297_1,0
057_55,1
118_7,0
045_8,0
068_168,1
065_112,1
047_64,1
042_37,1
009_115,1
085_23,1
032_36,1
254_42,1
006_14,0
260_31,1
267_12,0
255_6,0
045_29,0
120_53,1
074_29,1
180_8,0
150_40,0
246_29,0
053_67,1
199_45,1
219_35,1
009_22,1
285_3,0
072_20,1
230_5,1
061_121,1
075_57,1
002_83,1
021_38,1
177_27,0
237_26,1
130_20,1
012_63,1
126_49,1
036_14,1
126_5,1
175_13,1
277_1,0
015_31,1
123_7,0
201_14,0
025_2,1
065_150,1
250_16,0
234_44,1
184_7,0
185_43,1
204_16,1
188_126,1
151_23,1
194_87,1
175_69,1
090_14,0
230_75,1
234_70,1
026_58,1
091_131,1
100_25,0
232_10,1
169_23,1
128_25,0
182_38,0
090_13,0
232_4,1
167_3,1
064_38,1
226_16,1
089_48,1
095_15,0
199_52,1
022_67,1
131_18,0
204_50,1
027_35,0
120_24,1
180_12,0
025_29,1
112_39,1
130_36,1
197_80,1
133_20,1
046_6,0
058_47,1
120_26,1
015_74,1
190_7,0
120_52,1
013_82,1
041_79,1
196_72,1
169_83,1
145_6,0
023_17,1
186_25,1
226_65,1
228_7,1
151_39,1
050_8,0
226_34,1
000_21,1
091_273,1
119_105,0
053_99,1
168_10,0
011_26,0
144_40,1
068_51,1
123_32,0
186_94,1
091_167,1
089_16,1
182_2,0
101_151,1
161_32,0
091_214,1
144_69,1
240_21,0
021_105,1
279_22,0
194_78,1
182_10,0
061_16,1
116_29,1
126_14,1
197_25,1
118_70,0
057_12,1
080_45,1
091_60,1
057_50,1
169_14,1
197_23,1
298_8,1
068_54,1
239_0,0
182_17,0
232_13,1
040_23,1
153_14,0
208_4,0
161_38,0
039_8,0
223_15,0
264_3,0
194_47,1
174_24,1
151_77,1
115_92,1
230_62,1
027_11,0
144_12,1
022_6,1
045_9,0
041_46,1
066_41,1
053_147,1
000_25,1
143_47,0
126_13,1
160_43,1
173_73,1
255_13,0
279_21,0
075_42,1
275_10,0
117_11,0
070_15,0
048_20,0
184_33,0
206_27,0
057_16,1
144_43,1
014_24,1
169_36,1
091_92,1
032_70,1
196_62,1
169_33,1
221_7,0
225_16,0
031_29,1
221_23,0
040_2,1
048_0,0
034_124,1
215_4,0
092_19,0
230_58,1
095_23,0
040_82,1
152_12,1
078_62,1
065_173,1
112_106,1
119_27,0
169_48,1
165_27,1
184_39,0
034_137,1
252_13,1
087_31,1
131_66,0
087_15,1
103_39,0
026_59,1
241_18,1
194_59,1
071_11,1
053_132,1
206_24,0
128_3,0
137_23,1
241_59,1
113_44,1
200_21,0
196_85,1
204_15,1
150_2,0
118_61,0
071_173,1
036_4,1
027_43,0
112_8,1
131_70,0
073_24,0
186_192,1
098_21,0
025_43,1
197_9,1
225_12,0
018_7,0
131_90,0
066_33,1
072_18,1
242_2,1
036_39,1
188_20,1
097_19,0
085_60,1
276_0,0
065_83,1
058_6,1
144_10,1
194_56,1
106_9,1
147_24,1
180_1,0
186_42,1
114_21,0
186_98,1
042_17,1
237_36,1
009_57,1
185_18,1
106_38,1
184_17,0
040_112,1
219_4,1
238_4,0
053_181,1
039_16,0
087_11,1
223_5,0
204_6,1
160_38,1
091_163,1
201_3,0
126_80,1
167_24,1
285_4,0
023_12,1
186_176,1
196_88,1
039_14,0
143_38,0
156_20,0
188_125,1
013_154,1
001_9,0
122_76,1
053_130,1
234_34,1
121_59,1
086_30,0
173_36,1
173_34,1
063_50,1
115_133,1
091_182,1
232_9,1
102_19,1
131_36,0
174_26,1
072_41,1
057_2,1
042_36,1
177_36,0
122_3,1
014_46,1
141_13,0
075_11,1
076_17,1
233_41,1
204_10,1
133_46,1
072_72,1
254_6,1
207_6,1
029_55,1
070_16,0
121_64,1
131_64,0
076_40,1
223_11,0
059_55,1
186_161,1
209_24,1
098_29,0
119_84,0
002_32,1
009_143,1
040_100,1
142_23,1
204_70,1
191_27,0
087_48,1
118_44,0
112_60,1
080_7,1
008_1,1
186_52,1
028_77,1
132_27,1
012_59,1
026_30,1
237_29,1
140_7,1
011_10,0
204_32,1
174_34,1
173_107,1
133_13,1
041_109,1
188_123,1
032_26,1
180_31,0
034_0,1
041_73,1
026_53,1
128_22,0
024_1,0
169_21,1
219_16,1
039_35,0
167_65,1
034_3,1
196_95,1
115_122,1
160_83,1
053_82,1
183_17,0
110_45,1
068_291,1
204_19,1
061_113,1
079_17,0
024_62,0
076_28,1
115_7,1
196_36,1
226_68,1
133_74,1
188_65,1
047_80,1
132_35,1
015_57,1
267_21,0
233_6,1
065_14,1
206_33,0
257_10,0
176_0,1
009_171,1
040_48,1
186_217,1
115_142,1
001_12,0
208_23,0
150_52,0
132_16,1
024_23,0
063_48,1
072_84,1
153_21,0
173_114,1
091_98,1
046_12,0
114_17,0
255_0,0
008_75,1
091_96,1
204_34,1
278_6,0
022_21,1
068_209,1
004_39,1
071_88,1
099_40,1
027_17,0
026_23,1
115_16,1
180_32,0
160_8,1
014_27,1
185_19,1
065_178,1
128_32,0
112_54,1
170_26,0
021_80,1
194_8,1
144_28,1
161_37,0
196_56,1
061_142,1
034_154,1
254_20,1
092_21,0
160_11,1
004_56,1
176_49,1
290_15,0
008_71,1
053_28,1
112_99,1
042_67,1
021_24,1
013_115,1
053_29,1
182_5,0
047_88,1
167_22,1
232_53,1
040_58,1
151_103,1
005_22,1
069_15,0
023_35,1
041_87,1
173_150,1
144_11,1
219_41,1
167_55,1
145_8,0
058_15,1
131_78,0
256_4,1
079_58,0
066_170,1
165_40,1
041_16,1
054_73,1
112_125,1
128_26,0
266_12,0
169_44,1
211_48,1
034_126,1
022_16,1
196_112,1
052_46,0
078_58,1
230_43,1
065_182,1
234_48,1
087_18,1
157_13,0
015_90,1
032_47,1
072_23,1
174_84,1
068_43,1
175_76,1
046_1,0
106_46,1
011_24,0
022_41,1
072_29,1
202_7,0
000_123,1
106_0,1
117_10,0
150_39,0
087_16,1
089_68,1
009_185,1
205_2,0
133_35,1
039_26,0
156_21,0
112_130,1
009_166,1
058_52,1
074_97,1
174_28,1
122_35,1
120_7,1
091_213,1
018_6,0
173_59,1
122_75,1
200_47,0
014_51,1
068_201,1
106_22,1
204_12,1
246_18,0
019_17,1
165_56,1
066_139,1
183_6,0
152_8,1
146_7,0
071_185,1
180_59,0
066_19,1
100_17,0
124_14,0
034_148,1
027_19,0
143_34,0
184_40,0
174_71,1
195_4,0
185_69,1
039_27,0
023_13,1
165_87,1
004_4,1
245_16,0
071_110,1
024_46,0
009_214,1
073_11,0
289_1,0
055_37,1
071_139,1
071_105,1
221_19,0
072_73,1
250_5,0
169_17,1
295_3,1
123_42,0
034_122,1
000_23,1
184_24,0
127_18,1
255_20,0
131_7,0
032_27,1
072_87,1
034_96,1
073_43,0
248_8,0
031_63,1
055_16,1
267_4,0
194_96,1
015_93,1
143_9,0
201_4,0
271_24,1
093_12,1
209_18,1
174_82,1
271_20,1
163_6,0
118_27,0
168_38,0
101_85,1
118_12,0
188_55,1
066_8,1
053_121,1
113_25,1
071_49,1
181_24,0
144_65,1
196_76,1
237_15,1
050_2,0
173_104,1
025_3,1
015_46,1
218_12,0
240_17,0
015_43,1
260_25,1
113_20,1
206_22,0
047_77,1
045_20,0
112_40,1
078_17,1
236_20,0
001_19,0
177_22,0
159_26,0
068_137,1
191_1,0
075_32,1
053_160,1
009_73,1
182_24,0
034_132,1
014_42,1
176_45,1
170_11,0
120_5,1
008_12,1
115_127,1
277_3,0
126_75,1
089_7,1
232_33,1
066_125,1
167_57,1
061_56,1
074_100,1
153_47,0
157_4,0
076_33,1
264_2,0
234_47,1
119_47,0
241_3,1
068_167,1
126_48,1
223_9,0
098_16,0
099_99,1
175_72,1
119_37,0
079_39,0
179_0,0
184_47,0
075_54,1
026_72,1
054_34,1
075_19,1
080_127,1
087_74,1
012_34,1
204_28,1
183_16,0
165_10,1
133_34,1
243_13,0
014_33,1
058_19,1
126_43,1
175_77,1
248_2,0
144_89,1
206_52,0
061_52,1
176_56,1
021_29,1
021_59,1
196_104,1
058_59,1
023_16,1
110_20,1
144_55,1
076_1,1
000_48,1
032_15,1
184_32,0
200_40,0
241_36,1
189_12,0
058_86,1
080_29,1
036_16,1
058_55,1
267_25,0
160_65,1
062_25,0
008_52,1
034_14,1
196_48,1
173_84,1
019_23,1
091_165,1
278_4,0
039_13,0
211_28,1
040_92,1
025_24,1
012_8,1
143_27,0
200_15,0
065_185,1
027_9,0
093_24,1
005_8,1
145_10,0
196_105,1
185_27,1
147_28,1
047_22,1
122_54,1
066_148,1
032_12,1
042_1,1
112_76,1
200_19,0
184_1,0
181_2,0
144_71,1
169_25,1
003_36,1
194_54,1
143_15,0
013_132,1
248_13,0
197_84,1
157_19,0
065_105,1
028_6,1
024_51,0
041_71,1
219_2,1
020_82,1
241_12,1
226_23,1
246_16,0
250_11,0
209_63,1
143_20,0
120_20,1
115_108,1
246_30,0
062_13,0
184_18,0
028_25,1
254_56,1
097_47,0
145_18,0
189_16,0
144_5,1
065_198,1
147_42,1
101_129,1
062_14,0
065_172,1
219_34,1
013_150,1
028_12,1
191_8,0
047_26,1
162_21,0
047_50,1
179_3,0
012_75,1
042_50,1
041_37,1
131_63,0
003_27,1
013_116,1
084_23,0
233_16,1
031_31,1
131_95,0
151_68,1
188_57,1
052_0,0
226_38,1
021_54,1
022_46,1
287_7,0
020_77,1
173_3,1
075_3,1
118_1,0
185_61,1
011_23,0
014_29,1
115_60,1
065_161,1
206_26,0
159_9,0
196_110,1
154_6,0
099_14,1
027_28,0
161_21,0
064_67,1
197_62,1
021_23,1
057_52,1
047_97,1
075_41,1
127_63,1
160_59,1
092_24,0
021_27,1
226_28,1
088_0,0
146_17,0
028_36,1
041_61,1
014_21,1
180_41,0
196_100,1
087_54,1
013_9,1
121_48,1
024_34,0
245_6,0
004_26,1
143_11,0
170_5,0
243_4,0
069_27,0
012_74,1
098_6,0
289_18,0
169_15,1
106_24,1
134_45,1
000_33,1
047_43,1
255_18,0
